<urn:uuid:7a3fcc58-3b03-4604-9b41-a8076c08e415>	https://www.supermarkt-inside.de/edeka-meint-es-mit-der-liebe-ernst/	tiny
<urn:uuid:20fcd2fb-ceb2-4351-9e76-c2def1cf1f33>	https://www.survivalmastery.de/	tiny
<urn:uuid:ef679c5b-9eb7-4721-8afb-7d4bd4a4b3e5>	https://www.swisstuning.ch/fahrwerkstechnik.php?osCsid=cscf9s1lvbctor3fpf498uln71vh5bdm	tiny
<urn:uuid:6ff8fa39-8e4e-4172-9efc-469b4bc9bd90>	https://www.sy-marlin.de/?m=20140621	tiny
<urn:uuid:1bc603ba-39d1-40be-abf8-dfde79a347c2>	https://www.symptoma.de/de/ddx/hyperthermie	header
<urn:uuid:f67fbe47-169f-4507-947f-034750b756f4>	https://www.synchronkartei.de/film/8699	tiny
<urn:uuid:5e552b25-93df-41c4-afc9-e7b4dc67d88b>	https://www.tattooscout.de/forum/ucp.php?mode=sendpassword&sid=d6da35c504d2c28fc3955b0621f3c753	tiny
<urn:uuid:18b5401a-6793-459b-94ca-a105889e2f13>	https://www.tauschticket.de/Manchmal_rufe_ich_den_Himmel_15797103/	tiny
<urn:uuid:3d608ee9-d3bd-4830-8034-2af2ce35e439>	https://www.team-bekleidung.at/JAKO-Kulturtasche-Classico-rot-1750-01	tiny
<urn:uuid:3985e8f4-287e-4b4c-b44e-322deaea6a0d>	https://www.team-k.eu/de/pferderennplatz-renovieren-und-aufwerten/	tiny
<urn:uuid:554faa6d-7d40-482b-af03-3a08a7b6872f>	https://www.techfieber.de/2009/12/04/social-network-pionier-friendster-steht-vor-verkauf-nach-asien/	tiny
<urn:uuid:69de4268-53ec-44da-ac2e-9f1303db5fcb>	https://www.technikshavo.de/audacity/audacity-darth-vader-stimme-atmen-tutorial/	tiny
<urn:uuid:075917ab-c29c-4211-81fe-f46e42b7d4c4>	https://www.tel-inform.de/	tiny
<urn:uuid:4a9d4ced-78d9-4fa3-bb87-13dd86542e2d>	https://www.tenniskaernten.at/news/artikel/d/davis-cup-team-gastiert-in-salzburg.html	tiny
<urn:uuid:dbe097ec-8368-4578-879d-d74b8af88717>	https://www.textbroker.de/schreibs-noch-einmal-sam-texte-richtig-umschreiben	footer
<urn:uuid:6afc6a0d-2ced-4925-a64f-d5a994d2dd4b>	https://www.thlz.com/artikel/20265/	header
<urn:uuid:804022ad-d855-49bc-90f8-ebcf6093278f>	https://www.tierheilpraxis-leist.de/bioresonanztherapie	clean
<urn:uuid:340a6066-28ac-42b9-b39b-1aefe7714d4a>	https://www.tierkardiologie.lmu.de/forum/ucp.php?mode=privacy&sid=d660cc730ed2cc14b5889707ab23a8f2	clean
<urn:uuid:03281f21-f9e6-4de7-8b67-dc12026e8543>	https://www.tolmein.de/kultur/details/artikel/schneller-gleicher-und-gesperrt-1197.html	clean
<urn:uuid:65e17b6b-db5d-4da4-9553-b15ac5c355eb>	https://www.toms-messer.at/shop/global-gs-serie/universalmesser-verzahnt-15cm-gs-13r/	tiny
<urn:uuid:736f5092-6a52-4966-b5c5-f65dec864ac7>	https://www.top.tirol/unternehmen/innsbruck-stadt/raiffeisen-landesbank-tirol-ag	header
<urn:uuid:663ebc41-c767-4ef9-9252-e62cfd331c6c>	https://www.tourenfahrer.de/motorradnews/artikel/modellpflege-yamaha-mt-07/	footer
<urn:uuid:e0e0d3e4-704d-4be0-8bae-f6ffc33b4cc3>	https://www.tourenfahrer.de/nachrichten/artikel/triumph-kehrt-in-den-rennsport-zurueck/	footer
<urn:uuid:4fde06e0-8b17-4458-9ae3-236b76acbc13>	https://www.tp-link.com/ch/home-networking/antenna/tl-ant2405cl/	header
<urn:uuid:15c0612c-8745-45ae-ab1e-999825023726>	https://www.trail-angels.com/amazon-of-europe-bike-trail-6-s-com-meeting/	footer
<urn:uuid:ecae95d3-df29-46cd-b8ac-4fd219966d3b>	https://www.trans-ident.de/termine/month.calendar/2021/01/15/-	tiny
<urn:uuid:99c9e00f-12be-4fda-912e-8a854b8d91df>	https://www.transition-town-stralsund.de/tag/alternativ-wohnen/	header
<urn:uuid:033878b2-470f-4d00-9063-ddddcee3d97f>	https://www.trendreport.de/emove360-smarte-ladeloesungen-fuer-e-autos/	header
<urn:uuid:1ec6ba2f-a992-4869-84e2-ff2affbc2e1a>	https://www.trip-yoga.com/reiseideen/bahnurlaub/weiss-russland	header
<urn:uuid:5ebe9686-13ab-4d55-8a3d-c67860c7d053>	https://www.ttbw.de/ostalb/archiv-spielberichte/archiv-spielberichte-saison-2015-2016	header
<urn:uuid:2e2a2ba1-3a56-4dd1-acd6-864aec0b0377>	https://www.tuebingen.de/gemeinderat/si0046.php?__cjahr=2012&__cmonat=10&__canz=3&__cselect=147456	clean
<urn:uuid:11763f7c-70fb-4c6c-97be-dbb00e38026d>	https://www.tv1921niederklingen.de/tag/fsv-gross-zimmern/	header
<urn:uuid:575d7e60-6377-4323-bec2-755992f08fb5>	https://www.tvm-panther.de/2019/10/28/chance-zum-sieg-zuhause-gegen-tva-atsv-verpasst-2426/	clean
<urn:uuid:28b972ad-b8be-4716-a7ec-2a8a353ed393>	https://www.uhc-sursee.ch/2017/02/25/herren-1-erreicht-aufsteigs-playoffs/	clean
<urn:uuid:c16d3bdb-7b17-4259-b335-bc330be42591>	https://www.uniklinikum-leipzig.de/einrichtungen/hno/Seiten/pressemitteilungen.aspx	header
<urn:uuid:d620d701-f554-4975-b0e4-b2d253dd3e93>	https://www.urlaub.de/hotels/1946-marina-vista.html	footer
<urn:uuid:71390e9d-5bf0-4ae3-97ca-d9a395c4b667>	https://www.usm.com/de-de/office/inspirationen/anwendungen/raumteiler-fur-das-buro/unterteilen-sie-ihr-buro-in-kreative-bereiche/	footer
<urn:uuid:2364ba95-a630-455f-9e6c-80f2546eb005>	https://www.vaterland.li/liechtenstein/sport/lfv-intensiviert-die-junioren-sichtung-art-503131	tiny
<urn:uuid:d0bcc64d-c3a0-4659-933b-1cad59e9cc04>	https://www.vgwort.de/einnahmen-tarife/sonstige-oeffentliche-wiedergabe/veranstalter-von-lesungen.html	clean
<urn:uuid:aa2e3d0e-408e-4bf8-a3ca-02660cfd11e0>	https://www.vielfalt-mediathek.de/material/rechtsextremismus/hintergruende-neonazismus-und-demokratiefeindlichkeit-in-sachsen_anhalt	footer
<urn:uuid:63d0362f-740d-4a5d-8f1c-00cd99e0695e>	https://www.vielfalt-mediathek.de/material/rechtsextremismus/jugendfeuerwehren-strukturfit-fuer-demokratie-eine-dokumentation	footer
<urn:uuid:dc204fb4-4fa2-4b72-a059-dffacf86d6f6>	https://www.vindobona-apotheke.at/panaceo-sport-pro200g-738/	footer
<urn:uuid:dc153824-b669-47a9-ac7e-ab6a0a9b0d4a>	https://www.visitmosel.de/event/festung-ehrenbreitstein-auf-den-spuren-des-angreifers	footer
<urn:uuid:7178851e-ce86-4842-8d7a-24ff894c8134>	https://www.viva-la-flora.de/bildergalerien/trauerfloristik/album/sonstiges-1/previous-album/4x4x17/view-mode/1x1/photo/29.html	tiny
<urn:uuid:db2f227e-46eb-47a7-91f7-2bf7693e5f6b>	https://www.vivobarefoot.de/men/exercise/vivobarefoot-primus-lite-iii-men-oxid-9.html	noisy
<urn:uuid:bd56481b-5a02-4fb9-86cc-82763d68ae2a>	https://www.vongoetze.com/egf/abfrage.pl?aktion=person_zeigen&person_id=4331&sprache=de	tiny
<urn:uuid:b5cbf1df-7da4-4a39-9fc6-f794307e5f03>	https://www.vri-gmbh.de/kontakt/	noisy
<urn:uuid:7ec15d01-07df-4f02-90e4-f0d139153c1f>	https://www.warendorf.de/tourismus-kultur-sport/veranstaltungskalender/veranstaltungen/detail.html?tx_wafkalender_pi2%5Buid%5D=6960&tx_wafkalender_pi2%5Buid_wh%5D=2420790&tx_wafkalender_pi2%5Bics%5D=2&cHash=5df59927aa90bc252c1a3545657cb482	tiny
<urn:uuid:8507d588-f166-4e5a-95fa-eb0bbe005b31>	https://www.was-war-wann.de/politik/biografien/russische-politiker.html	clean
<urn:uuid:98ed50b0-73a6-46cf-aa0d-b630d35c9348>	https://www.wasserburg24.de/netzwelt/games/iron-man-ea-kuendigt-spiel-zum-marvel-helden-an-zr-91814596.html	noisy
<urn:uuid:62217ad6-257c-438b-ac47-28b1441e8392>	https://www.well4life.de/mindset/schlank-denken-und-gewicht-verlieren/	noisy
<urn:uuid:dab92161-9a2d-476e-9630-0c8d24be1549>	https://www.wellness-stock.de/p/geschenk-set-creme	noisy
<urn:uuid:7fa0b2ef-37d8-4e8a-b8df-25c1ac2192a3>	https://www.welt.de/regionales/baden-wuerttemberg/article209679323/Coronavirus-Kinder-sind-nicht-Treiber-der-Infektion.html	tiny
<urn:uuid:99d35ee0-2e32-4b6d-9403-bc4be77dce74>	https://www.werbeagentur-detailliebe.de/2020/05/22/rugby-club-leipzig-e-v/	noisy
<urn:uuid:3c561227-7ae4-4cee-9b94-3f185ba39abc>	https://www.whiskyginrum.de/Amrut-Nilgiris-Indian-Dry-Gin	noisy
<urn:uuid:a6607b8f-c1a4-45f9-9801-10a3574714e8>	https://www.wiener-kaffeehaus.at/locations/baharat-cafe-barbar-aenderungsschneiderei-und-upcycling-werkstatt/	noisy
<urn:uuid:8d554cf5-79de-49fc-b641-7b24c51e0f95>	https://www.wildegeest.de/veranstaltungen/bassumer-huettenzauber/	noisy
<urn:uuid:1f6cf092-b336-46c1-9c21-f545e157650a>	https://www.winterdienst-in-nrw.de/region/schneeraeumung-vogelheim/	noisy
<urn:uuid:012b8050-f987-47ad-981e-694352220424>	https://www.woafu.de/2019/07/08/fujifilm-x-t3-das-handbuch-zur-kamera/	clean
<urn:uuid:336e319c-9ef5-41e9-aa36-f92ab475de86>	http://ebook-onlinecenter.de/plr-produkte/traffic-tyrann-2/datenschutz.html	clean
